,ETF,Metric,Final_Value,Passive_Potential,Relative_MSE,MAPE,DM_stat,DM_p,Date,Model
0,SPY,ATR,1071.4573423898078,1165.09536087547,0.0134947707662091,0.578462165981513,,,date_config4,LSTM
1,SPY,MAD_Returns,1086.5661072888545,1165.09536087547,0.010059986162759,0.5671511296088816,41.95992473958339,0.0,date_config4,LSTM
2,SPY,IQR,1074.688478101575,1165.09536087547,0.0055459187518852,0.3670679677326015,41.98972686440812,0.0,date_config4,LSTM
3,SPY,SD_Returns,1058.9531581585063,1165.09536087547,0.006278166290051,0.4111629006515283,41.972379416256885,0.0,date_config4,LSTM
4,XLB,ATR,1052.0834139889585,951.50406039117,0.0013623270104088,0.0957915497646831,,,date_config4,LSTM
5,XLB,MAD_Returns,1002.7117935834616,951.50406039117,0.0046117005613333,0.2436095924691309,21.06931414669723,1.52118653847545e-98,date_config4,LSTM
6,XLB,IQR,980.6183525584812,951.50406039117,0.0058942025152511,0.433588825474427,20.72500562679883,2.0610336790558728e-95,date_config4,LSTM
7,XLB,SD_Returns,1017.1613620057934,951.50406039117,0.0013845370800682,0.1377609425091251,21.070819273740877,1.4735970791675395e-98,date_config4,LSTM
8,XLE,ATR,1072.5762907282078,1018.277066356228,0.0008236720683848,0.0590337971754553,,,date_config4,LSTM
9,XLE,MAD_Returns,1045.6037253226198,1018.277066356228,0.0014391293268846,0.1663472891149473,17.936229200710713,6.148874856494011e-72,date_config4,LSTM
10,XLE,IQR,1060.114168686821,1018.277066356228,0.002163845660784,0.2799261561677693,17.685456799039866,5.427938369762169e-70,date_config4,LSTM
11,XLE,SD_Returns,1013.5123991603724,1018.277066356228,0.0014011972748466,0.1506835134096996,17.958458958930954,4.1209056584601673e-72,date_config4,LSTM
12,XLF,ATR,1098.2815884888594,1200.9391992090957,0.0020975821860461,0.1218323466364372,,,date_config4,LSTM
13,XLF,MAD_Returns,1110.9222529964843,1200.9391992090957,0.0017457709541565,0.2122071852121972,14.584368972282435,3.5317244284905e-48,date_config4,LSTM
14,XLF,IQR,1075.825762489994,1200.9391992090957,0.0049453991559943,0.3876143004734474,14.245246470021591,4.798520128316304e-46,date_config4,LSTM
15,XLF,SD_Returns,1093.7561832236374,1200.9391992090957,0.0018054234883335,0.3698693397989465,14.19493877885514,9.847240154317389e-46,date_config4,LSTM
16,XLI,ATR,1111.7627841089954,1096.8595041322312,0.0012452766127271,0.087388599254567,,,date_config4,LSTM
17,XLI,MAD_Returns,1138.3528449112923,1096.8595041322312,0.0024046132765236,0.2052992088526113,13.988768058080336,1.8254665210455944e-44,date_config4,LSTM
18,XLI,IQR,1077.5280215032924,1096.8595041322312,0.0015123448292634,0.3430404642250532,13.881880254838448,8.157559517618139e-44,date_config4,LSTM
19,XLI,SD_Returns,1160.353504716183,1096.8595041322312,0.0014152263209297,0.1807808218949344,13.987992840573598,1.8454709196792502e-44,date_config4,LSTM
20,XLK,ATR,1098.4088073315531,1145.5853054084262,0.0173563458024708,0.6267329506894868,,,date_config4,LSTM
21,XLK,MAD_Returns,1135.743851543116,1145.5853054084262,0.0078713419520005,0.3948926889667383,39.81984060638396,0.0,date_config4,LSTM
22,XLK,IQR,1082.9144164060856,1145.5853054084262,0.0060888417734847,0.4865373825769865,39.8661536501228,0.0,date_config4,LSTM
23,XLK,SD_Returns,1081.0703939226423,1145.5853054084262,0.0091925629045859,0.3948167724386366,39.847072900526655,0.0,date_config4,LSTM
24,XLP,ATR,989.4920032754184,1047.192513368984,0.0019710378217072,0.0983024265313384,,,date_config4,LSTM
25,XLP,MAD_Returns,996.949301416848,1047.192513368984,0.0032396200792556,0.2072323209865096,21.70829258788795,1.71303999813893e-104,date_config4,LSTM
26,XLP,IQR,1032.7144030146717,1047.192513368984,0.0044401575096763,0.3039615803020368,21.49773198067854,1.634845541379328e-102,date_config4,LSTM
27,XLP,SD_Returns,1015.3989928678355,1047.192513368984,0.0019149886357827,0.1531078213100755,21.71079374333625,1.6223178536150068e-104,date_config4,LSTM
28,XLV,ATR,1005.502616252514,951.7808219178082,0.0022128834022189,0.1195284281764655,,,date_config4,LSTM
29,XLV,MAD_Returns,962.7387770962256,951.7808219178082,0.0014924257632324,0.2575676722741841,19.944959519786853,1.657842470906142e-88,date_config4,LSTM
30,XLV,IQR,996.938966527434,951.7808219178082,0.0021554183600538,0.252730158326959,19.927665420236572,2.342364219210532e-88,date_config4,LSTM
31,XLV,SD_Returns,996.0425934690388,951.7808219178082,0.0027907977383413,0.4061621057738125,19.815288594877643,2.1974466832831028e-87,date_config4,LSTM
32,XLY,ATR,1125.7727757263388,1228.810793167229,0.0037615148934785,0.2148539559511208,,,date_config4,LSTM
33,XLY,MAD_Returns,1129.1834891567312,1228.810793167229,0.0021419071248872,0.1842858983359024,19.755005122209035,7.264830629130746e-87,date_config4,LSTM
34,XLY,IQR,1175.7249999160204,1228.810793167229,0.0030789426577434,0.3629525059894609,19.70621579830833,1.9070609088436306e-86,date_config4,LSTM
35,XLY,SD_Returns,1147.3159019830075,1228.810793167229,0.0018164991160679,0.1686685942724801,19.75607119827501,7.113044747931631e-87,date_config4,LSTM
36,XLU,ATR,1106.0440925608946,1236.842105263158,0.0027139641960237,0.1063601093888047,,,date_config4,LSTM
37,XLU,MAD_Returns,1124.7811037243123,1236.842105263158,0.0039094470122543,0.2246634174643721,19.566225579140934,3.0010124495542887e-85,date_config4,LSTM
38,XLU,IQR,1144.4804070323632,1236.842105263158,0.0039008366097077,0.2694759948804532,19.40441068084698,7.082597454002799e-84,date_config4,LSTM
39,XLU,SD_Returns,1114.150685342639,1236.842105263158,0.0043741250343281,0.2525958961960998,19.490124258941705,1.3315735260740497e-84,date_config4,LSTM
0,SPY,ATR,1073.1776510234558,1165.09536087547,0.0139161871689357,0.5815157422072129,,,date_config4,RNN
1,SPY,MAD_Returns,1060.3771040716922,1165.09536087547,0.0039640313936263,0.296516049748951,39.178169467047546,0.0,date_config4,RNN
2,SPY,IQR,1082.297703471435,1165.09536087547,0.0067234903941089,0.5380136588745018,39.16643076306119,0.0,date_config4,RNN
3,SPY,SD_Returns,1000.0,1165.09536087547,0.0709461898957758,1.9112333283091896,39.07133895637484,0.0,date_config4,RNN
4,XLB,ATR,1037.4848187742982,951.50406039117,0.0036281716561242,0.1742278193528837,,,date_config4,RNN
5,XLB,MAD_Returns,1010.233848058306,951.50406039117,0.0097577350816735,0.4346262585698292,32.59047820888123,5.595378094286713e-233,date_config4,RNN
6,XLB,IQR,988.381643904636,951.50406039117,0.0028191244470798,0.3324254658588839,32.60687868478116,3.2765954683424765e-233,date_config4,RNN
7,XLB,SD_Returns,982.1585026818042,951.50406039117,0.0210131060271021,0.6385552155580164,32.26486093890804,2.1772162382458134e-228,date_config4,RNN
8,XLE,ATR,1007.81558431507,1018.277066356228,0.0007143384225882,0.0535127247382119,,,date_config4,RNN
9,XLE,MAD_Returns,979.4004091062656,1018.277066356228,0.0014248927963155,0.1639101764201892,16.58492558649477,8.9576576044029e-62,date_config4,RNN
10,XLE,IQR,998.7248228787132,1018.277066356228,0.0020500595583939,0.2800456173012273,16.311595681269033,8.163209292641729e-60,date_config4,RNN
11,XLE,SD_Returns,1055.9286608308512,1018.277066356228,0.001427914602776,0.1605028537044727,16.552666373868306,1.5316614143101648e-61,date_config4,RNN
12,XLF,ATR,1121.6455714294336,1200.9391992090957,0.0011778543024767,0.0903761573653899,,,date_config4,RNN
13,XLF,MAD_Returns,1116.8640650837508,1200.9391992090957,0.0009239425830653,0.1984346751496196,13.938353188367346,3.703880361311893e-44,date_config4,RNN
14,XLF,IQR,1102.1035746062846,1200.9391992090957,0.0019808884054852,0.4167638674809606,13.482061809211004,1.9945415249341007e-41,date_config4,RNN
15,XLF,SD_Returns,1138.1348754329892,1200.9391992090957,0.003383879015199,0.3339834507112578,13.8734838697135,9.171183231058663e-44,date_config4,RNN
16,XLI,ATR,1141.1327904155355,1096.8595041322312,0.0018194730446772,0.1265774276632157,,,date_config4,RNN
17,XLI,MAD_Returns,1140.501778222599,1096.8595041322312,0.0010350010443886,0.1529432556665726,19.578407179795946,2.3629442177141718e-85,date_config4,RNN
18,XLI,IQR,1135.6391986677372,1096.8595041322312,0.001766325951908,0.2637562791212688,19.53172877968382,5.900767214145708e-85,date_config4,RNN
19,XLI,SD_Returns,1154.5017009807111,1096.8595041322312,0.0072944422942042,0.4823455367259554,19.41671826614917,5.573999225329175e-84,date_config4,RNN
20,XLK,ATR,1114.7741731753918,1145.5853054084262,0.0143053798870495,0.5520565690100367,,,date_config4,RNN
21,XLK,MAD_Returns,1000.0,1145.5853054084262,0.0495712377679671,1.4739256343734166,35.07184273834706,1.811784341941326e-269,date_config4,RNN
22,XLK,IQR,1000.0,1145.5853054084262,0.0322466950682718,1.6866585357263462,35.054135474889684,3.3726067591580644e-269,date_config4,RNN
23,XLK,SD_Returns,1074.3446807573405,1145.5853054084262,0.0331317143933354,1.0435223733111556,35.13449115325532,2.0056289452268513e-270,date_config4,RNN
24,XLP,ATR,1003.5872664821474,1047.192513368984,0.0019226481120288,0.100347163109869,,,date_config4,RNN
25,XLP,MAD_Returns,1004.3896533593364,1047.192513368984,0.007075393389792,0.3341644865681887,23.34993641031241,1.3802084995167571e-120,date_config4,RNN
26,XLP,IQR,1040.7808252317573,1047.192513368984,0.0030421510074357,0.2713964498386034,23.28486081409719,6.311724149587511e-120,date_config4,RNN
27,XLP,SD_Returns,1008.0656631736592,1047.192513368984,0.0060054350267083,0.295254016719902,23.331405816321272,2.128765224291668e-120,date_config4,RNN
28,XLV,ATR,964.4189673895626,951.7808219178082,0.0007086133232773,0.0675885173316254,,,date_config4,RNN
29,XLV,MAD_Returns,1007.3689103727894,951.7808219178082,0.0018332815277074,0.3068168606732059,18.21829430288778,3.694942783956164e-74,date_config4,RNN
30,XLV,IQR,984.566867330873,951.7808219178082,0.0019387932657224,0.2453790379007427,18.18038607450553,7.381230565106447e-74,date_config4,RNN
31,XLV,SD_Returns,1014.2500436517028,951.7808219178082,0.0073106790632215,0.5356564236990021,17.993548606903076,2.188816935387936e-72,date_config4,RNN
32,XLY,ATR,1146.198763789508,1228.810793167229,0.002389342615336,0.1602006025319119,,,date_config4,RNN
33,XLY,MAD_Returns,1152.954921368413,1228.810793167229,0.0111247699453805,0.5784676400181149,16.966527441149356,1.4527252209074051e-64,date_config4,RNN
34,XLY,IQR,1137.365520736489,1228.810793167229,0.0024650769478384,0.2550586727349482,17.01649029691256,6.197596803736413e-65,date_config4,RNN
35,XLY,SD_Returns,1161.7034039772366,1228.810793167229,0.0071295508520048,0.4326282712387105,16.983572879242843,1.0866469838223924e-64,date_config4,RNN
36,XLU,ATR,1053.0453851376794,1236.842105263158,0.0023299693259335,0.1041207906332809,,,date_config4,RNN
37,XLU,MAD_Returns,1142.1095903069318,1236.842105263158,0.0031538134546754,0.2088275495263593,24.64200551727852,4.483036121670975e-134,date_config4,RNN
38,XLU,IQR,1122.6990958396318,1236.842105263158,0.0021651150577199,0.2125113125967968,24.502035162465468,1.4051757353757926e-132,date_config4,RNN
39,XLU,SD_Returns,1146.7885441745434,1236.842105263158,0.0040023490873362,0.2607144112910805,24.557424873166504,3.603127418857661e-133,date_config4,RNN
0,SPY,ATR,1017.2599541143333,1165.09536087547,0.0019646739381022,0.1859034544067352,,,date_config1,LSTM
1,SPY,MAD_Returns,1062.3681064883506,1165.09536087547,0.0011439341832393,0.1718389232672573,21.417329815847907,9.212038901665014e-102,date_config1,LSTM
2,SPY,IQR,1074.688478101575,1165.09536087547,0.0038658750803594,0.4139704521043439,21.39791189617252,1.3972705333636303e-101,date_config1,LSTM
3,SPY,SD_Returns,1069.9705326246724,1165.09536087547,0.0009661505460884,0.1505304013033366,21.41683207832605,9.3109807517649e-102,date_config1,LSTM
4,XLB,ATR,993.887081153567,951.50406039117,0.0004904475046889,0.0574429396378067,,,date_config1,LSTM
5,XLB,MAD_Returns,974.7218235132996,951.50406039117,0.0023244102976627,0.2325016097764818,18.47480187938181,3.2943440370750153e-76,date_config1,LSTM
6,XLB,IQR,984.9363461702166,951.50406039117,0.0018678696922212,0.3615593411679053,18.24342142572448,2.333818953745924e-74,date_config1,LSTM
7,XLB,SD_Returns,999.8884698134492,951.50406039117,0.0018727864703967,0.1520704117345959,18.49553579752165,2.2430171729722117e-76,date_config1,LSTM
8,XLE,ATR,986.8782581340894,1018.277066356228,0.0037356704750774,0.1588524952428812,,,date_config1,LSTM
9,XLE,MAD_Returns,985.709484237496,1018.277066356228,0.0017964965137458,0.2057791716394424,28.836595106487163,7.4620320742314325e-183,date_config1,LSTM
10,XLE,IQR,1009.3377443075128,1018.277066356228,0.0021457409847078,0.310871917946527,28.540008304159485,3.737333675830829e-179,date_config1,LSTM
11,XLE,SD_Returns,997.1732492615428,1018.277066356228,0.007636312009342,0.516820825457524,28.75510696889544,7.819229541634816e-182,date_config1,LSTM
12,XLF,ATR,1124.1127592840066,1200.9391992090957,0.0004594894960357,0.0697219028659357,,,date_config1,LSTM
13,XLF,MAD_Returns,1056.0409789874905,1200.9391992090957,0.0012002604485686,0.2315937390014819,15.716986625849566,1.1569698216225368e-55,date_config1,LSTM
14,XLF,IQR,1085.3516787796716,1200.9391992090957,0.0013478811203368,0.2617158404982866,15.162423927450993,6.271152374888857e-52,date_config1,LSTM
15,XLF,SD_Returns,1119.3018707306528,1200.9391992090957,0.0012654566777751,0.1910568135223075,15.810410356189864,2.6374332233462937e-56,date_config1,LSTM
16,XLI,ATR,1136.6730699396633,1096.8595041322312,0.0038895775534635,0.2064357307767786,,,date_config1,LSTM
17,XLI,MAD_Returns,1141.534577256772,1096.8595041322312,0.0050513126730544,0.3689803938693232,25.252658648983072,1.0589138992640945e-140,date_config1,LSTM
18,XLI,IQR,1111.897612936334,1096.8595041322312,0.0062854692049902,0.4921923688174126,25.17471255955889,7.580913634758945e-140,date_config1,LSTM
19,XLI,SD_Returns,1154.782878143007,1096.8595041322312,0.0035080205231788,0.2537057604039678,25.298318496597496,3.333267385681328e-141,date_config1,LSTM
20,XLK,ATR,1182.0681995862792,1145.5853054084262,0.001086097554826,0.0899464822808064,,,date_config1,LSTM
21,XLK,MAD_Returns,1084.0737499668971,1145.5853054084262,0.0013732230965372,0.1764729469751328,11.66150336256093,2.0047115023114163e-31,date_config1,LSTM
22,XLK,IQR,1099.6074389094033,1145.5853054084262,0.0065170969690256,0.5973068893990686,11.515674857358038,1.099950152458843e-30,date_config1,LSTM
23,XLK,SD_Returns,1138.1940343391311,1145.5853054084262,0.0025577682888913,0.2147120430322139,11.642824971961248,2.496086349671288e-31,date_config1,LSTM
24,XLP,ATR,1018.1067457765976,1047.192513368984,0.0010293908672233,0.0795194845797172,,,date_config1,LSTM
25,XLP,MAD_Returns,1013.107726858482,1047.192513368984,0.0024419726395515,0.2239721641265262,21.810699551259923,1.8364678833075194e-105,date_config1,LSTM
26,XLP,IQR,1061.9337542855226,1047.192513368984,0.0026726469679359,0.3850802092788411,21.474887850504675,2.6736458513242827e-102,date_config1,LSTM
27,XLP,SD_Returns,1030.1299649197103,1047.192513368984,0.0028957501884181,0.2338207533074568,21.79654486673588,2.502058964567011e-105,date_config1,LSTM
28,XLV,ATR,989.386622114404,951.7808219178082,0.0005768025726066,0.0650961075363463,,,date_config1,LSTM
29,XLV,MAD_Returns,981.6007440637118,951.7808219178082,0.0014627839733283,0.257905614504793,18.36691659073392,2.417621918451402e-75,date_config1,LSTM
30,XLV,IQR,1000.0,951.7808219178082,0.0020531886635204,0.3665117543220322,18.17280051093344,8.475968372256512e-74,date_config1,LSTM
31,XLV,SD_Returns,967.6860637076504,951.7808219178082,0.0013509808343561,0.2208208209308209,18.349432508709857,3.335781635724749e-75,date_config1,LSTM
32,XLY,ATR,1128.5032515577511,1228.810793167229,0.0004385287850872,0.0629397598166511,,,date_config1,LSTM
33,XLY,MAD_Returns,1142.349918193028,1228.810793167229,0.0014065960845688,0.1521164161872319,13.472568583010036,2.2683535240001027e-41,date_config1,LSTM
34,XLY,IQR,1192.6387154579202,1228.810793167229,0.0020097593960084,0.2597639775698819,13.366412692778647,9.50138261723865e-41,date_config1,LSTM
35,XLY,SD_Returns,1146.128212514936,1228.810793167229,0.0012526716728101,0.1394311347580916,13.481201335726222,2.0179415157775658e-41,date_config1,LSTM
36,XLU,ATR,1082.110464304534,1236.842105263158,0.0009842925347358,0.0710519069971377,,,date_config1,LSTM
37,XLU,MAD_Returns,1157.4855647051854,1236.842105263158,0.0020154815933104,0.2025195422608338,20.328779333493813,7.156061092608154e-92,date_config1,LSTM
38,XLU,IQR,1106.3439106227818,1236.842105263158,0.0017282245435432,0.244993664608061,19.92378569394616,2.531117415449452e-88,date_config1,LSTM
39,XLU,SD_Returns,1092.121844376905,1236.842105263158,0.0021279900642012,0.2195733988971434,20.264249995161965,2.6598224001240587e-91,date_config1,LSTM
0,SPY,ATR,1026.9882338042796,1165.09536087547,0.0004237364258787,0.0737389426816416,,,date_config1,RNN
1,SPY,MAD_Returns,1069.4793140282802,1165.09536087547,0.0011972073381762,0.1687472440122417,14.97524658166043,1.06571836903802e-50,date_config1,RNN
2,SPY,IQR,1069.7177159356606,1165.09536087547,0.0028208392475932,0.5058173956560782,14.896954925036752,3.449457525479291e-50,date_config1,RNN
3,SPY,SD_Returns,1069.1483894082332,1165.09536087547,0.0013901037148928,0.1900620008359614,14.966205834649143,1.2209072957589314e-50,date_config1,RNN
4,XLB,ATR,1030.7133722057251,951.50406039117,0.0004382982410341,0.0531222293706488,,,date_config1,RNN
5,XLB,MAD_Returns,1011.6014990046136,951.50406039117,0.0016032251135813,0.1501088979437813,18.455869182734563,4.6777865958945504e-76,date_config1,RNN
6,XLB,IQR,1003.2923176403294,951.50406039117,0.0026102766872267,0.303241420505173,17.925148051406584,7.505048788856075e-72,date_config1,RNN
7,XLB,SD_Returns,1011.1621622316408,951.50406039117,0.0014968634455352,0.1328035780321664,18.433791870044395,7.037319480993365e-76,date_config1,RNN
8,XLE,ATR,1029.683620554909,1018.277066356228,0.0006951159389404,0.0546688568321102,,,date_config1,RNN
9,XLE,MAD_Returns,1009.5813109078669,1018.277066356228,0.0014761339048092,0.1754060912661595,17.398648038397976,8.447318661116481e-68,date_config1,RNN
10,XLE,IQR,991.1597931079328,1018.277066356228,0.0022074316191545,0.308688602332798,17.064089414263933,2.746382071056887e-65,date_config1,RNN
11,XLE,SD_Returns,1018.664300909176,1018.277066356228,0.0017923261975627,0.2104329642164138,17.302397821040213,4.512118310934986e-67,date_config1,RNN
12,XLF,ATR,1180.3317050016146,1200.9391992090957,0.0004249397071692,0.059729217013362,,,date_config1,RNN
13,XLF,MAD_Returns,1097.1591321542955,1200.9391992090957,0.0011047320157151,0.180812464037438,13.840367554116847,1.4546090208362669e-43,date_config1,RNN
14,XLF,IQR,1101.5892685953347,1200.9391992090957,0.0013215809323994,0.2765165644933976,13.298963265356017,2.347000159637847e-40,date_config1,RNN
15,XLF,SD_Returns,1148.7298016383863,1200.9391992090957,0.0013131353887247,0.1716576845694919,13.882721130933051,8.062404134936683e-44,date_config1,RNN
16,XLI,ATR,1097.099929160058,1096.8595041322312,0.003144223236704,0.1875798110494682,,,date_config1,RNN
17,XLI,MAD_Returns,1141.534577256772,1096.8595041322312,0.0032738888529797,0.2711945145817256,25.37481683273935,4.7842194597500816e-142,date_config1,RNN
18,XLI,IQR,1148.534670321715,1096.8595041322312,0.0082686581786482,0.6414859962149791,25.197115157541823,4.308186780773876e-140,date_config1,RNN
19,XLI,SD_Returns,1152.1168818640165,1096.8595041322312,0.0083258565065956,0.515784099734377,25.276051267631956,5.858574978643989e-141,date_config1,RNN
20,XLK,ATR,1142.07923446972,1145.5853054084262,0.0008529653773225,0.0940601640372024,,,date_config1,RNN
21,XLK,MAD_Returns,1035.9110666293482,1145.5853054084262,0.0011595352995084,0.1986312237157236,14.033711410172833,9.694248818073529e-45,date_config1,RNN
22,XLK,IQR,1064.080333305889,1145.5853054084262,0.0056959234578187,0.5975487043490892,13.89683118270789,6.620830003829138e-44,date_config1,RNN
23,XLK,SD_Returns,1038.6266766233498,1145.5853054084262,0.001513340354437,0.182691029064631,14.030887926021949,1.0088054484093456e-44,date_config1,RNN
24,XLP,ATR,1006.226906671193,1047.192513368984,0.0008184651165645,0.0694957556454769,,,date_config1,RNN
25,XLP,MAD_Returns,1017.0531123649156,1047.192513368984,0.001937162695089,0.1883384931429606,21.93411445566449,1.2280517986665846e-106,date_config1,RNN
26,XLP,IQR,1021.3094674303388,1047.192513368984,0.0022102118251249,0.3304948735666992,21.60254126163325,1.700013689693903e-103,date_config1,RNN
27,XLP,SD_Returns,1012.1120877475493,1047.192513368984,0.0019836351541734,0.1534830581820817,21.641354265109022,7.331800988579158e-104,date_config1,RNN
28,XLV,ATR,965.134518704814,951.7808219178082,0.0004637795033496,0.0539171558665745,,,date_config1,RNN
29,XLV,MAD_Returns,997.0453405728084,951.7808219178082,0.0011584131637429,0.1813622109655924,16.96089841981925,1.5988105029879534e-64,date_config1,RNN
30,XLV,IQR,984.566867330873,951.7808219178082,0.0020125620631249,0.2477195963084443,16.758734459256033,4.889207292392642e-63,date_config1,RNN
31,XLV,SD_Returns,967.6860637076504,951.7808219178082,0.0011178461950224,0.1736665010611641,16.946484250472203,2.0431192574467733e-64,date_config1,RNN
32,XLY,ATR,1137.5855923605675,1228.810793167229,0.0003346514632561,0.0632256056722333,,,date_config1,RNN
33,XLY,MAD_Returns,1152.679653857064,1228.810793167229,0.001132869816591,0.1568349486759101,15.74253819208264,7.728059955403729e-56,date_config1,RNN
34,XLY,IQR,1165.6869890586786,1228.810793167229,0.0014997482297994,0.2527566489577389,15.625195463223704,4.9041542141473404e-55,date_config1,RNN
35,XLY,SD_Returns,1155.3494151221062,1228.810793167229,0.0014649025329621,0.1631015473662005,15.730374309194508,9.365578629208358e-56,date_config1,RNN
36,XLU,ATR,1094.4451856381388,1236.842105263158,0.0006570419283703,0.0553632137460581,,,date_config1,RNN
37,XLU,MAD_Returns,1102.829645373581,1236.842105263158,0.0014448370570724,0.1610154697096319,20.066706665668733,1.4425227494629754e-89,date_config1,RNN
38,XLU,IQR,1070.1091588081786,1236.842105263158,0.0018955446774443,0.2396582447381839,19.50317085881617,1.0318266618021711e-84,date_config1,RNN
39,XLU,SD_Returns,1134.3081462678058,1236.842105263158,0.0012886268501605,0.1412201509014988,20.10785971726313,6.29834499915798e-90,date_config1,RNN
0,SPY,ATR,1064.8175354268387,1165.09536087547,0.0041644997613373,0.3223915547075836,,,date_config3,LSTM
1,SPY,MAD_Returns,1081.3758410929297,1165.09536087547,0.0031526971637111,0.2984125761223006,35.71233490624406,2.5440025950481893e-279,date_config3,LSTM
2,SPY,IQR,1068.0392854574975,1165.09536087547,0.0033507649422178,0.5821034769028064,35.668218787703665,1.2298647523356391e-278,date_config3,LSTM
3,SPY,SD_Returns,1043.3706203362774,1165.09536087547,0.0033180192219921,0.4293715424635602,35.63723886292336,3.7146729410616787e-278,date_config3,LSTM
4,XLB,ATR,1014.2964994903768,951.50406039117,0.0016290961678656,0.0982328933060898,,,date_config3,LSTM
5,XLB,MAD_Returns,995.999730720866,951.50406039117,0.0017598026612728,0.1880354901562275,19.87784310142869,6.329700646629613e-88,date_config3,LSTM
6,XLB,IQR,1003.1814095681856,951.50406039117,0.0032801658183118,0.4005613486442937,19.72646844757978,1.2779191878909034e-86,date_config3,LSTM
7,XLB,SD_Returns,980.6656022833092,951.50406039117,0.0017145186182403,0.1431388333116775,19.93419751023896,2.055756742294485e-88,date_config3,LSTM
8,XLE,ATR,1075.448712122431,1018.277066356228,0.0005451561790048,0.0493830670246462,,,date_config3,LSTM
9,XLE,MAD_Returns,1008.3815169554427,1018.277066356228,0.0014275134377372,0.1683401885729231,17.95553797474949,4.3435272114408064e-72,date_config3,LSTM
10,XLE,IQR,956.876564279419,1018.277066356228,0.0021278384170983,0.2825059961534185,17.6341852420337,1.3462268837776479e-69,date_config3,LSTM
11,XLE,SD_Returns,998.5507446125242,1018.277066356228,0.0013635330583267,0.1610197091317129,17.93747351536728,6.01274318151196e-72,date_config3,LSTM
12,XLF,ATR,1096.9388556299148,1200.9391992090957,0.0009343951889203,0.0793879856454049,,,date_config3,LSTM
13,XLF,MAD_Returns,1124.401519153024,1200.9391992090957,0.0020737067919596,0.221248043184034,12.977010420830249,1.6520395559837718e-38,date_config3,LSTM
14,XLF,IQR,1091.7088816374876,1200.9391992090957,0.0061435595361102,0.8483385850428639,11.597660829560189,4.234958325554218e-31,date_config3,LSTM
15,XLF,SD_Returns,1128.4496697834786,1200.9391992090957,0.0015554369687252,0.2109706502782659,13.003473665289102,1.1690985284817899e-38,date_config3,LSTM
16,XLI,ATR,1131.8928736967243,1096.8595041322312,0.0024073661564088,0.1502476923279644,,,date_config3,LSTM
17,XLI,MAD_Returns,1127.0598764469055,1096.8595041322312,0.0010942372107246,0.2041087889418399,21.369340666475708,2.5774680945074905e-101,date_config3,LSTM
18,XLI,IQR,1141.36419615059,1096.8595041322312,0.0017941414878499,0.3524776230317995,21.317535935737272,7.806176580426072e-101,date_config3,LSTM
19,XLI,SD_Returns,1172.3612326833672,1096.8595041322312,0.00107260991913,0.1864727804737689,21.350525031539924,3.855826272508984e-101,date_config3,LSTM
20,XLK,ATR,1135.4871787096938,1145.5853054084262,0.0117934790750479,0.4511369156789404,,,date_config3,LSTM
21,XLK,MAD_Returns,1137.7073887046445,1145.5853054084262,0.0037369555924832,0.4239892099765355,24.987786784444477,8.299745977533672e-138,date_config3,LSTM
22,XLK,IQR,1038.0124885814862,1145.5853054084262,0.0075285370909917,0.5164661863610065,25.021084632453213,3.60493434297697e-138,date_config3,LSTM
23,XLK,SD_Returns,1037.2356190276769,1145.5853054084262,0.0024210681422806,0.2059997359116741,25.03538561545864,2.518857960656612e-138,date_config3,LSTM
24,XLP,ATR,1015.410747248223,1047.192513368984,0.0023209289944917,0.1119429564075065,,,date_config3,LSTM
25,XLP,MAD_Returns,1007.732293697206,1047.192513368984,0.004601594073321,0.2434211742592866,24.70266732899456,1.0011819077576816e-134,date_config3,LSTM
26,XLP,IQR,1020.714346582763,1047.192513368984,0.0024618032803375,0.2473290698075945,24.5647981886502,3.0053864322551238e-133,date_config3,LSTM
27,XLP,SD_Returns,1013.781085932702,1047.192513368984,0.002893822452634,0.1947990026486937,24.681117731044992,1.706000030022707e-134,date_config3,LSTM
28,XLV,ATR,994.6197232295534,951.7808219178082,0.0020847412938362,0.1205315903042961,,,date_config3,LSTM
29,XLV,MAD_Returns,966.7423810953514,951.7808219178082,0.0014107824490326,0.2355345118920054,22.78290741254084,6.7742679771320275e-115,date_config3,LSTM
30,XLV,IQR,995.8228313117884,951.7808219178082,0.0022154664963918,0.2649268020893004,22.759065620977616,1.1670630268554782e-114,date_config3,LSTM
31,XLV,SD_Returns,992.5284453145232,951.7808219178082,0.0016140333744132,0.2059564345794881,22.81267373189626,3.432278437451185e-115,date_config3,LSTM
32,XLY,ATR,1123.4437825652362,1228.810793167229,0.002451193805027,0.1503445336666801,,,date_config3,LSTM
33,XLY,MAD_Returns,1141.6514022185477,1228.810793167229,0.0010691021408153,0.1464305644156012,15.573593272310514,1.1004748808693395e-54,date_config3,LSTM
34,XLY,IQR,1121.419102633749,1228.810793167229,0.0020627541784293,0.3661410891713951,15.512140806096978,2.871432341504327e-54,date_config3,LSTM
35,XLY,SD_Returns,1133.7301080210937,1228.810793167229,0.001980488778788,0.2890756956970462,15.511222629985564,2.912792214550078e-54,date_config3,LSTM
36,XLU,ATR,1037.260997372951,1236.842105263158,0.0034880534557205,0.124892122366483,,,date_config3,LSTM
37,XLU,MAD_Returns,1102.4557443575968,1236.842105263158,0.0033530691459524,0.2181711173549417,24.179077119218164,3.6936294339214207e-129,date_config3,LSTM
38,XLU,IQR,1100.3769481486647,1236.842105263158,0.0028350025666558,0.239829809719,24.05560886023632,7.292546910352723e-128,date_config3,LSTM
39,XLU,SD_Returns,1119.6470347969612,1236.842105263158,0.0031864709722175,0.2125322905886397,24.186294499480923,3.101160764307839e-129,date_config3,LSTM
0,SPY,ATR,1075.579521340443,1165.09536087547,0.0020597110203011,0.1705960700294565,,,date_config3,RNN
1,SPY,MAD_Returns,1081.2037234325874,1165.09536087547,0.0136207960249109,0.7672026865649706,18.317132691040342,6.041305876461547e-75,date_config3,RNN
2,SPY,IQR,1005.8692959864288,1165.09536087547,0.0172373971041904,1.1451427844272155,18.257292091736968,1.810505039159996e-74,date_config3,RNN
3,SPY,SD_Returns,996.4277279168634,1165.09536087547,0.0395996827478574,1.4166237053707316,18.235918585980546,2.677180513739701e-74,date_config3,RNN
4,XLB,ATR,1022.866752475956,951.50406039117,0.0014009151949575,0.0956606336100972,,,date_config3,RNN
5,XLB,MAD_Returns,1008.5825642133836,951.50406039117,0.007181413015054,0.3440848483356956,20.76541165875281,8.896183741937478e-96,date_config3,RNN
6,XLB,IQR,1044.4020405662927,951.50406039117,0.0145105434586157,0.8156907811153699,20.01726535441017,3.8952205985816004e-89,date_config3,RNN
7,XLB,SD_Returns,979.369975819388,951.50406039117,0.0045839547678601,0.2557462563335731,20.80403372003203,3.97897348589197e-96,date_config3,RNN
8,XLE,ATR,995.670462771438,1018.277066356228,0.000644597666992,0.0577955016859168,,,date_config3,RNN
9,XLE,MAD_Returns,1006.873925311491,1018.277066356228,0.0015505798622104,0.1832451480940686,20.775492366983528,7.2120873039234754e-96,date_config3,RNN
10,XLE,IQR,1022.5737355342878,1018.277066356228,0.002201033985682,0.2789337151824335,20.42494206718804,1.0037754243062322e-92,date_config3,RNN
11,XLE,SD_Returns,1079.8631005483237,1018.277066356228,0.0016162275316422,0.1555330289034483,20.739547471520424,1.5235207084467608e-95,date_config3,RNN
12,XLF,ATR,1106.097966825733,1200.9391992090957,0.0010492607330709,0.0911632956146575,,,date_config3,RNN
13,XLF,MAD_Returns,1149.49467305459,1200.9391992090957,0.0071615427453309,0.5904096523590278,14.353710754905958,1.0098603523626076e-46,date_config3,RNN
14,XLF,IQR,1088.924190341417,1200.9391992090957,0.0012974914785365,0.2967536266312249,14.478542331304178,1.6557126642104019e-47,date_config3,RNN
15,XLF,SD_Returns,1113.1218031389574,1200.9391992090957,0.0010792702260901,0.2261904584734654,14.71484744446872,5.176283420438855e-49,date_config3,RNN
16,XLI,ATR,1134.4804114910833,1096.8595041322312,0.0017678200702167,0.1332061120737203,,,date_config3,RNN
17,XLI,MAD_Returns,1141.534577256772,1096.8595041322312,0.0071719779308346,0.4916617969864261,21.67549692749217,3.494446903196594e-104,date_config3,RNN
18,XLI,IQR,1145.4225778851433,1096.8595041322312,0.0025095229040503,0.287112113833783,21.7468597202762,7.397312550140105e-105,date_config3,RNN
19,XLI,SD_Returns,1164.0133759652822,1096.8595041322312,0.0034006811038923,0.3001945682901153,21.73718326149388,9.133470425454152e-105,date_config3,RNN
20,XLK,ATR,1138.9856018367425,1145.5853054084262,0.0110163043743932,0.4358361441694919,,,date_config3,RNN
21,XLK,MAD_Returns,1083.250470516716,1145.5853054084262,0.0286787857261945,1.065391376916828,25.004564608158805,5.453046240613949e-138,date_config3,RNN
22,XLK,IQR,1022.0852958447972,1145.5853054084262,0.0176966641071721,1.1316937162997822,24.993272929148915,7.234812287566129e-138,date_config3,RNN
23,XLK,SD_Returns,1102.0457381256765,1145.5853054084262,0.0077419839891938,0.4465274284848757,25.063709342011407,1.2376098050516055e-138,date_config3,RNN
24,XLP,ATR,1011.2275739656898,1047.192513368984,0.0008351357677122,0.0616218606500345,,,date_config3,RNN
25,XLP,MAD_Returns,1004.1258560325688,1047.192513368984,0.0024506396801412,0.1780180162528389,18.650128807196392,1.2597343678154359e-77,date_config3,RNN
26,XLP,IQR,1016.4023233244976,1047.192513368984,0.0026306630922534,0.2514429857829788,18.38651263794724,1.6847434266311234e-75,date_config3,RNN
27,XLP,SD_Returns,1032.1420896097095,1047.192513368984,0.0018169622400848,0.1511848859865888,18.624633257483968,2.028773387852511e-77,date_config3,RNN
28,XLV,ATR,944.4765728428792,951.7808219178082,0.0003896910795987,0.0520336646437276,,,date_config3,RNN
29,XLV,MAD_Returns,990.2760974429616,951.7808219178082,0.0035238846249374,0.3257620240661271,17.80722488606053,6.211409167702647e-71,date_config3,RNN
30,XLV,IQR,984.566867330873,951.7808219178082,0.0018053116890544,0.3069405242980428,17.81666430246527,5.247368788891694e-71,date_config3,RNN
31,XLV,SD_Returns,1001.6541164284154,951.7808219178082,0.0171442229184185,0.8512336818543799,17.037613363255733,4.320045409992492e-65,date_config3,RNN
32,XLY,ATR,1145.1431380899337,1228.810793167229,0.0015071330569397,0.1204630319840301,,,date_config3,RNN
33,XLY,MAD_Returns,1139.333349171162,1228.810793167229,0.0073505713403197,0.4397665767846946,15.342057985457316,4.0030026824539434e-53,date_config3,RNN
34,XLY,IQR,1113.8532938015258,1228.810793167229,0.0070097707902565,0.5640256392858953,15.229330175591064,2.25893940950502e-52,date_config3,RNN
35,XLY,SD_Returns,1145.521900929156,1228.810793167229,0.0037660851151692,0.2716743899217564,15.37713834856758,2.330212569357346e-53,date_config3,RNN
36,XLU,ATR,1061.054502569913,1236.842105263158,0.0018187100337838,0.0877387273515506,,,date_config3,RNN
37,XLU,MAD_Returns,1127.302435693843,1236.842105263158,0.0052321375607989,0.2973373246748264,21.18735405523071,1.249229610796915e-99,date_config3,RNN
38,XLU,IQR,1135.1729071527593,1236.842105263158,0.0055922325466975,0.3768097212276074,20.860830755258608,1.2154197919386557e-96,date_config3,RNN
39,XLU,SD_Returns,1137.3640614484505,1236.842105263158,0.0054311321492354,0.3056905026113978,21.166885500088966,1.9289086407411038e-99,date_config3,RNN
0,SPY,ATR,1020.303438885868,1165.09536087547,0.0006409088645692,0.0833303291262415,,,date_config2,LSTM
1,SPY,MAD_Returns,1084.2892142157248,1165.09536087547,0.0010775315042069,0.2063705310294269,13.966994997383162,2.478662185796748e-44,date_config2,LSTM
2,SPY,IQR,1058.9344454155444,1165.09536087547,0.0014946870204578,0.2948920375796459,13.952002863500915,3.058929059124408e-44,date_config2,LSTM
3,SPY,SD_Returns,1066.231617842363,1165.09536087547,0.0015066133902069,0.1755727834478399,13.969947246509587,2.3780274195623296e-44,date_config2,LSTM
4,XLB,ATR,1055.1867896962642,951.50406039117,0.0005587711490453,0.0605127668700882,,,date_config2,LSTM
5,XLB,MAD_Returns,994.1064349487732,951.50406039117,0.0015747079384121,0.1685552492480679,19.04517560809472,7.204401646242136e-81,date_config2,LSTM
6,XLB,IQR,998.6121914955992,951.50406039117,0.002172951290547,0.4167815774412636,18.666485218381112,9.276008793862891e-78,date_config2,LSTM
7,XLB,SD_Returns,964.3322475908604,951.50406039117,0.0014489784542852,0.1395080429542285,19.052710445756848,6.238676651967358e-81,date_config2,LSTM
8,XLE,ATR,1090.9108752159384,1018.277066356228,0.0007766115896433,0.0573223529332136,,,date_config2,LSTM
9,XLE,MAD_Returns,1045.706575040488,1018.277066356228,0.0015082352707245,0.1650348236776837,17.684760234777453,5.4954327681169097e-70,date_config2,LSTM
10,XLE,IQR,980.3917161832178,1018.277066356228,0.0021195038654112,0.3110471455895558,17.36902786913174,1.4160467349307115e-67,date_config2,LSTM
11,XLE,SD_Returns,998.8169644784286,1018.277066356228,0.001477336880985,0.154556442484207,17.67963216700359,6.01875862077755e-70,date_config2,LSTM
12,XLF,ATR,1072.4538859818467,1200.9391992090957,0.0005727311544141,0.082131024161087,,,date_config2,LSTM
13,XLF,MAD_Returns,1096.604701628109,1200.9391992090957,0.0010703050845453,0.23250227524959,16.196995108186705,5.29520651261194e-59,date_config2,LSTM
14,XLF,IQR,1101.5028696887955,1200.9391992090957,0.0019082344956889,0.279532439701557,15.486035532198192,4.3106533922342717e-54,date_config2,LSTM
15,XLF,SD_Returns,1109.1015408588066,1200.9391992090957,0.0007399813176699,0.165456818856265,16.354042471673633,4.070565373146031e-60,date_config2,LSTM
16,XLI,ATR,1077.3351329858556,1096.8595041322312,0.0018607210922478,0.1365107009811155,,,date_config2,LSTM
17,XLI,MAD_Returns,1151.640757132136,1096.8595041322312,0.0016433726239804,0.1832322775394346,22.43202300224236,1.91718684410374e-111,date_config2,LSTM
18,XLI,IQR,1098.7530621303513,1096.8595041322312,0.0019354029167199,0.2972153897656994,22.34769601000381,1.2713696335782657e-110,date_config2,LSTM
19,XLI,SD_Returns,1164.3940318011298,1096.8595041322312,0.0023442748375938,0.2004621853172624,22.44970532645449,1.2882277507067825e-111,date_config2,LSTM
20,XLK,ATR,1158.3413423878612,1145.5853054084262,0.0012584394045825,0.1004391662856973,,,date_config2,LSTM
21,XLK,MAD_Returns,1032.7944249771265,1145.5853054084262,0.0028001290795018,0.2680661183395221,12.202903163309044,2.999359793765496e-34,date_config2,LSTM
22,XLK,IQR,1105.1131710726477,1145.5853054084262,0.0018576269084916,0.307566977184488,12.202715311356233,3.0062888545412524e-34,date_config2,LSTM
23,XLK,SD_Returns,1048.418942435867,1145.5853054084262,0.0029218542424275,0.2785398998056414,12.177732975227013,4.08478597552655e-34,date_config2,LSTM
24,XLP,ATR,1028.503789961327,1047.192513368984,0.0007205067330905,0.0583401248301176,,,date_config2,LSTM
25,XLP,MAD_Returns,1017.9785455261916,1047.192513368984,0.0017084791879738,0.1657444164675922,18.840239267555265,3.5336470842799167e-79,date_config2,LSTM
26,XLP,IQR,1015.45703709829,1047.192513368984,0.0030359272951452,0.2843586286782767,18.45617935265156,4.651007376817874e-76,date_config2,LSTM
27,XLP,SD_Returns,1026.9479693490666,1047.192513368984,0.0015356607753433,0.149397823235628,18.81954101746769,5.2235089551402707e-79,date_config2,LSTM
28,XLV,ATR,965.8125247455724,951.7808219178082,0.0008140194030407,0.0674315082195266,,,date_config2,LSTM
29,XLV,MAD_Returns,968.3043490725628,951.7808219178082,0.0014740493502714,0.2100638661805149,16.67050868048427,2.147591191329629e-62,date_config2,LSTM
30,XLV,IQR,986.6614066258668,951.7808219178082,0.0022912455789126,0.2937045533802169,16.5399302624962,1.892413008725676e-61,date_config2,LSTM
31,XLV,SD_Returns,973.73290570373,951.7808219178082,0.0013027549830422,0.2086807117920999,16.650874551508682,2.9821220196131896e-62,date_config2,LSTM
32,XLY,ATR,1128.5032515577511,1228.810793167229,0.0003477778393629,0.0598303859093989,,,date_config2,LSTM
33,XLY,MAD_Returns,1147.224346107289,1228.810793167229,0.0012184358919401,0.1469635026583556,14.28461722239549,2.729048403172242e-46,date_config2,LSTM
34,XLY,IQR,1178.5548954957585,1228.810793167229,0.00195747872096,0.2644552212533143,14.152477573776054,1.802916319865251e-45,date_config2,LSTM
35,XLY,SD_Returns,1150.869438987646,1228.810793167229,0.0010673133550695,0.1346700097615043,14.287295828115708,2.6261025530023203e-46,date_config2,LSTM
36,XLU,ATR,1037.0419886604975,1236.842105263158,0.0017229385834977,0.0775986803707652,,,date_config2,LSTM
37,XLU,MAD_Returns,1140.4593150783571,1236.842105263158,0.002013406542053,0.1606927936304349,16.76047918057917,4.747821896119618e-63,date_config2,LSTM
38,XLU,IQR,1098.093192660319,1236.842105263158,0.0020674011330443,0.2234315281014267,16.583407389577026,9.186892006878462e-62,date_config2,LSTM
39,XLU,SD_Returns,1137.981570058248,1236.842105263158,0.0018091495050729,0.1523167326215787,16.735846767956293,7.182834444924323e-63,date_config2,LSTM
0,SPY,ATR,1040.47524156305,1165.09536087547,0.0004303087215905,0.0768335966383137,,,date_config2,RNN
1,SPY,MAD_Returns,1067.2601764618507,1165.09536087547,0.0011041633138939,0.2125921145642518,14.977642520170106,1.0279925004481084e-50,date_config2,RNN
2,SPY,IQR,1072.1153626715982,1165.09536087547,0.0021037740190203,0.28605591539873,14.949830363221825,1.5614643290086038e-50,date_config2,RNN
3,SPY,SD_Returns,1080.966508156201,1165.09536087547,0.0011547054507434,0.1986114802722727,14.976428120760705,1.0469449495861957e-50,date_config2,RNN
4,XLB,ATR,1029.0036826324756,951.50406039117,0.0004168412713631,0.0519822420575905,,,date_config2,RNN
5,XLB,MAD_Returns,1011.3574097126292,951.50406039117,0.0015938173124128,0.1644178013985243,18.522963066390947,1.3480922751820399e-76,date_config2,RNN
6,XLB,IQR,1054.4254544948294,951.50406039117,0.0019524774175043,0.3217143424142435,18.17337295799141,8.387986194145697e-74,date_config2,RNN
7,XLB,SD_Returns,989.3908733610792,951.50406039117,0.0013804087644101,0.1448970658782108,18.50844507286113,1.7652298656271447e-76,date_config2,RNN
8,XLE,ATR,1022.9667813870038,1018.277066356228,0.0004544869173615,0.0441158256513233,,,date_config2,RNN
9,XLE,MAD_Returns,1096.760598783364,1018.277066356228,0.0014586954062598,0.1588205654570495,16.98976652603303,9.77775903925968e-65,date_config2,RNN
10,XLE,IQR,1012.926083096294,1018.277066356228,0.0022969726400364,0.3116748817373617,16.54655288234559,1.6953609882719917e-61,date_config2,RNN
11,XLE,SD_Returns,1128.3777806712292,1018.277066356228,0.0015830705364447,0.1558186642293568,17.0195830675009,5.878773903226095e-65,date_config2,RNN
12,XLF,ATR,1127.958628710055,1200.9391992090957,0.0005331006985877,0.066802995219279,,,date_config2,RNN
13,XLF,MAD_Returns,1099.6345630381063,1200.9391992090957,0.0009050316345001,0.1886070248216676,14.026170816269124,1.0781794636366232e-44,date_config2,RNN
14,XLF,IQR,1092.882941118885,1200.9391992090957,0.0013646653609101,0.3218215602336822,13.522328831985188,1.1546192081100656e-41,date_config2,RNN
15,XLF,SD_Returns,1093.0488934019795,1200.9391992090957,0.0010740395965282,0.2027591031950519,14.055448755131742,7.132833012885579e-45,date_config2,RNN
16,XLI,ATR,1133.0174513664706,1096.8595041322312,0.0035189741454262,0.2152737430394163,,,date_config2,RNN
17,XLI,MAD_Returns,1151.8418145509957,1096.8595041322312,0.0025591137864192,0.2279355109851283,31.636402145111244,1.166570899045527e-219,date_config2,RNN
18,XLI,IQR,1090.3862890361938,1096.8595041322312,0.0028445579477021,0.3397099948418806,31.507816761967486,6.788703050805819e-218,date_config2,RNN
19,XLI,SD_Returns,1166.1789012637366,1096.8595041322312,0.0053797012546607,0.4146141929075929,31.56425794487365,1.142869844973755e-218,date_config2,RNN
20,XLK,ATR,1179.2162771125631,1145.5853054084262,0.0009691370361215,0.0925675915086622,,,date_config2,RNN
21,XLK,MAD_Returns,1072.0867801084337,1145.5853054084262,0.0015983123050058,0.2106335259350679,12.926027654680604,3.209790684874988e-38,date_config2,RNN
22,XLK,IQR,1094.7454107189717,1145.5853054084262,0.0028220592540563,0.3669508349122603,12.875987915774417,6.144775889046105e-38,date_config2,RNN
23,XLK,SD_Returns,1056.5691232359254,1145.5853054084262,0.001805383839525,0.210627449375445,12.910600787326349,3.922287905075255e-38,date_config2,RNN
24,XLP,ATR,1001.73867242425,1047.192513368984,0.0013549746532229,0.0856267290068901,,,date_config2,RNN
25,XLP,MAD_Returns,1017.0531123649156,1047.192513368984,0.0023357557177836,0.2127180990575616,22.65231214899983,1.3237914764387048e-113,date_config2,RNN
26,XLP,IQR,1040.7808252317573,1047.192513368984,0.0031359521719484,0.2716482679327156,22.549756229332125,1.3502702815661142e-112,date_config2,RNN
27,XLP,SD_Returns,1022.4528708117778,1047.192513368984,0.0014137869709861,0.137603399250719,22.783690469217643,6.654254738109588e-115,date_config2,RNN
28,XLV,ATR,965.134518704814,951.7808219178082,0.0004870166217296,0.055218429376797,,,date_config2,RNN
29,XLV,MAD_Returns,986.7275924721148,951.7808219178082,0.0013538480355241,0.2153813192072866,18.37490864228198,2.0865888437504815e-75,date_config2,RNN
30,XLV,IQR,984.566867330873,951.7808219178082,0.0019529359636786,0.2718989302750039,18.241256259372868,2.428130564490356e-74,date_config2,RNN
31,XLV,SD_Returns,1001.5464974434182,951.7808219178082,0.0012842477293232,0.158315550094549,18.393188343096757,1.4895695252196195e-75,date_config2,RNN
32,XLY,ATR,1125.0681699807517,1228.810793167229,0.0002716385432279,0.0603328224788966,,,date_config2,RNN
33,XLY,MAD_Returns,1136.243335234228,1228.810793167229,0.0011125360033228,0.1458889966245386,16.73889524825211,6.824299309219352e-63,date_config2,RNN
34,XLY,IQR,1134.3970852801174,1228.810793167229,0.0014189458472326,0.2296378103466588,16.604865578669042,6.4263946586543125e-62,date_config2,RNN
35,XLY,SD_Returns,1150.162367523382,1228.810793167229,0.0009560916762692,0.1266015211116892,16.758244806826,4.929635406845482e-63,date_config2,RNN
36,XLU,ATR,1068.764840596555,1236.842105263158,0.0005468955175128,0.0499193397123663,,,date_config2,RNN
37,XLU,MAD_Returns,1126.1336069413328,1236.842105263158,0.0120346937773865,0.3928838392236075,20.24670360269287,3.7982178937169824e-91,date_config2,RNN
38,XLU,IQR,1164.5544464376408,1236.842105263158,0.001889266330899,0.2315276106760012,20.210272417458185,7.950796105375313e-91,date_config2,RNN
39,XLU,SD_Returns,1136.9290261954225,1236.842105263158,0.0017844357157793,0.1577310203405484,20.670947241833645,6.326243024160358e-95,date_config2,RNN
0,SPY,ATR,1072.3166116643715,1165.09536087547,0.0036846337636188,0.1861895071908545,,,date_config0,LSTM
1,SPY,MAD_Returns,1093.9220921834772,1165.09536087547,0.007322676181493,0.3862862680073551,13.457790686747122,2.7707747684050635e-41,date_config0,LSTM
2,SPY,IQR,1054.7996234061077,1165.09536087547,0.0092461328694159,0.4904059116549817,13.446529919513605,3.226625060876885e-41,date_config0,LSTM
3,SPY,SD_Returns,1088.1265511450267,1165.09536087547,0.0030746224104048,0.2483673958953319,13.464557575244957,2.528280483785801e-41,date_config0,LSTM
4,XLB,ATR,1021.4100041357196,951.50406039117,0.0050329763913998,0.1571112396772953,,,date_config0,LSTM
5,XLB,MAD_Returns,1001.0986872128884,951.50406039117,0.0036185047067089,0.2469168295322489,17.45649605089869,3.0722212442738323e-68,date_config0,LSTM
6,XLB,IQR,982.5732980725325,951.50406039117,0.00409303020407,0.4353240248768737,17.38217558224179,1.1259958316557966e-67,date_config0,LSTM
7,XLB,SD_Returns,984.0705708127954,951.50406039117,0.0030710315096149,0.2181991186202205,17.445439138560808,3.728418524532819e-68,date_config0,LSTM
8,XLE,ATR,1031.840370065696,1018.277066356228,0.0020986723482185,0.0988403441336919,,,date_config0,LSTM
9,XLE,MAD_Returns,1093.1730423444028,1018.277066356228,0.0027363301251335,0.2445299287793122,20.14505742961477,2.973648048361814e-90,date_config0,LSTM
10,XLE,IQR,1052.4867701920937,1018.277066356228,0.0047721920863909,0.4511482096326628,19.755219932379116,7.233988658891604e-87,date_config0,LSTM
11,XLE,SD_Returns,1103.7761314341235,1018.277066356228,0.0036223959531869,0.2646954027344881,20.10804298714765,6.2751202529712486e-90,date_config0,LSTM
12,XLF,ATR,1152.759175414529,1200.9391992090957,0.0036730711141882,0.2281794703567745,,,date_config0,LSTM
13,XLF,MAD_Returns,1091.4660552156124,1200.9391992090957,0.0062549317457163,0.6836775539343143,20.029100356696866,3.0715666674458638e-89,date_config0,LSTM
14,XLF,IQR,1120.3504355471928,1200.9391992090957,0.0118000963564509,1.200042068887739,19.156888852745173,8.479250433975219e-82,date_config0,LSTM
15,XLF,SD_Returns,1120.5477196363752,1200.9391992090957,0.0068958537139406,0.7698756992985002,19.86253580043183,8.586390295573522e-88,date_config0,LSTM
16,XLI,ATR,1100.615743301671,1096.8595041322312,0.0108844294601078,0.3472798586030152,,,date_config0,LSTM
17,XLI,MAD_Returns,1110.508116680664,1096.8595041322312,0.004346564600349,0.2752186656053651,26.059024824886205,1.063078269051733e-149,date_config0,LSTM
18,XLI,IQR,996.6224366706876,1096.8595041322312,0.0042508866107672,0.4694917018187944,26.00724194714474,4.1009660919683466e-149,date_config0,LSTM
19,XLI,SD_Returns,1129.0522880591816,1096.8595041322312,0.0080453464708176,0.3793474049077074,26.056845152315827,1.125300257626446e-149,date_config0,LSTM
20,XLK,ATR,1071.5379444428786,1145.5853054084262,0.0070392325034013,0.2490575551680172,,,date_config0,LSTM
21,XLK,MAD_Returns,1024.1749829916644,1145.5853054084262,0.0036957066649101,0.2871606341683283,14.131748191478096,2.420597190859395e-45,date_config0,LSTM
22,XLK,IQR,1110.842262402045,1145.5853054084262,0.0044962506424955,0.4524474886089792,14.12608089950043,2.623434030884853e-45,date_config0,LSTM
23,XLK,SD_Returns,1053.5404103976225,1145.5853054084262,0.0039782827336814,0.2764278870099426,14.12913813293989,2.5119980513614985e-45,date_config0,LSTM
24,XLP,ATR,1014.8067096966836,1047.192513368984,0.0026865242807265,0.0956829219136233,,,date_config0,LSTM
25,XLP,MAD_Returns,999.8091152262969,1047.192513368984,0.0038748187966849,0.2199652177236573,13.987477667357943,1.8588853904211241e-44,date_config0,LSTM
26,XLP,IQR,1053.9195362660437,1047.192513368984,0.0054496545634317,0.3502865018903438,13.761453234351148,4.347000849669556e-43,date_config0,LSTM
27,XLP,SD_Returns,1052.892578057676,1047.192513368984,0.0033169399829115,0.1995375253319012,13.977598322165228,2.1357435957234705e-44,date_config0,LSTM
28,XLV,ATR,914.4100879506176,951.7808219178082,0.0020733450370757,0.1117709264774926,,,date_config0,LSTM
29,XLV,MAD_Returns,963.9274838883584,951.7808219178082,0.0035002315512184,0.3512973763486542,16.044137521281776,6.282565138759249e-58,date_config0,LSTM
30,XLV,IQR,982.6222630922974,951.7808219178082,0.0054796977952602,0.7173373621261779,15.856207584248253,1.2735581603970549e-56,date_config0,LSTM
31,XLV,SD_Returns,970.2043017733306,951.7808219178082,0.0037845552980685,0.4343112141459723,16.014111062107705,1.0185194472628404e-57,date_config0,LSTM
32,XLY,ATR,1194.5420814170618,1228.810793167229,0.0043584661737528,0.1901556723411547,,,date_config0,LSTM
33,XLY,MAD_Returns,1280.5613989286524,1228.810793167229,0.0048651833328759,0.2877615341917992,14.272064994270714,3.267576774844313e-46,date_config0,LSTM
34,XLY,IQR,1078.437782621785,1228.810793167229,0.0105672021758522,0.6195725182060723,14.180312164530058,1.2130574677325781e-45,date_config0,LSTM
35,XLY,SD_Returns,1210.8253065571969,1228.810793167229,0.0034076664249597,0.3215282263652966,14.249251775765146,4.531099162433327e-46,date_config0,LSTM
36,XLU,ATR,1062.6847456748194,1236.842105263158,0.0022766129090522,0.0940017359323081,,,date_config0,LSTM
37,XLU,MAD_Returns,1096.8224808041923,1236.842105263158,0.0039688927990463,0.2410085827638639,16.9704412454832,1.3590702839210772e-64,date_config0,LSTM
38,XLU,IQR,1161.002400713273,1236.842105263158,0.003251427634966,0.2929962518700287,16.792821239229287,2.754346525839333e-63,date_config0,LSTM
39,XLU,SD_Returns,1125.4429582753714,1236.842105263158,0.0035521222502177,0.2916602110752161,16.89648487474352,4.7753909925381575e-64,date_config0,LSTM
0,SPY,ATR,1031.3089179601932,1165.09536087547,0.0034818663024678,0.1901781124033232,,,date_config0,RNN
1,SPY,MAD_Returns,1055.1842838083464,1165.09536087547,0.0031225143538684,0.2359955788694885,15.06701462768818,2.669037960377544e-51,date_config0,RNN
2,SPY,IQR,1101.4043822693516,1165.09536087547,0.0044497165162921,0.3424169948088985,15.056884902899068,3.111043604083482e-51,date_config0,RNN
3,SPY,SD_Returns,1063.692533241421,1165.09536087547,0.0031322966534616,0.2315899956434584,15.066285104815714,2.6986659570461163e-51,date_config0,RNN
4,XLB,ATR,994.0849939805188,951.50406039117,0.001673176807473,0.0950631317747688,,,date_config0,RNN
5,XLB,MAD_Returns,1015.8957518027994,951.50406039117,0.0019100044008491,0.1713043850134968,17.871735059340306,1.958083269766996e-71,date_config0,RNN
6,XLB,IQR,1026.8394294263635,951.50406039117,0.0026009494369278,0.3544743093897969,17.71593781678759,3.159181313144595e-70,date_config0,RNN
7,XLB,SD_Returns,1013.2600622276684,951.50406039117,0.0019810147232398,0.1741158973932004,17.83302524904908,3.9164406753751786e-71,date_config0,RNN
8,XLE,ATR,1012.0647034828644,1018.277066356228,0.0008201712402361,0.0593389699592559,,,date_config0,RNN
9,XLE,MAD_Returns,1045.8767261062828,1018.277066356228,0.0021366781640889,0.1890009463414381,18.146810822986875,1.3607555723096957e-73,date_config0,RNN
10,XLE,IQR,966.7863413315996,1018.277066356228,0.0027711855716363,0.3083017809142249,17.810092395365018,5.901232792850176e-71,date_config0,RNN
11,XLE,SD_Returns,998.0760412535788,1018.277066356228,0.0023655995032077,0.1949512062821896,18.10036427865217,3.1656725303416675e-73,date_config0,RNN
12,XLF,ATR,1167.341601393731,1200.9391992090957,0.0025262518907636,0.1661480373454219,,,date_config0,RNN
13,XLF,MAD_Returns,1096.4076610947511,1200.9391992090957,0.0035312073339891,0.2834712449602328,16.520544364186126,2.6103141070693808e-61,date_config0,RNN
14,XLF,IQR,1101.4945846519893,1200.9391992090957,0.0033733762287214,0.3362754196400399,16.243859982161116,2.4688834200124832e-59,date_config0,RNN
15,XLF,SD_Returns,1142.689448067452,1200.9391992090957,0.0029964642004447,0.2891616491112747,16.56479149534707,1.2521341741980997e-61,date_config0,RNN
16,XLI,ATR,1123.191680511355,1096.8595041322312,0.0064052721043078,0.2430334707577884,,,date_config0,RNN
17,XLI,MAD_Returns,1127.1630900604314,1096.8595041322312,0.0023936313029295,0.2274123159356978,21.767228421516236,4.744669418596288e-105,date_config0,RNN
18,XLI,IQR,1096.2169413663262,1096.8595041322312,0.0023761691021778,0.3951299957463896,21.709682188693137,1.6620287602549446e-104,date_config0,RNN
19,XLI,SD_Returns,1120.1012142223076,1096.8595041322312,0.0023189383622072,0.2476534411990842,21.7521353980683,6.593813582463406e-105,date_config0,RNN
20,XLK,ATR,1127.5694114730125,1145.5853054084262,0.0047795734394185,0.2293191203835766,,,date_config0,RNN
21,XLK,MAD_Returns,1030.5261325180886,1145.5853054084262,0.0026718432536999,0.2177799968006426,16.341101454750493,5.033531917666541e-60,date_config0,RNN
22,XLK,IQR,1065.138983118928,1145.5853054084262,0.0035604327880701,0.3577926438049985,16.330070292198375,6.031481849472852e-60,date_config0,RNN
23,XLK,SD_Returns,1010.7409167448066,1145.5853054084262,0.0034302687324345,0.2438056993102282,16.333476155997683,5.703967153085007e-60,date_config0,RNN
24,XLP,ATR,1010.5656767075328,1047.192513368984,0.00111429842679,0.066243275157926,,,date_config0,RNN
25,XLP,MAD_Returns,1027.7376250394918,1047.192513368984,0.0023095089915983,0.1770832325203433,15.807853133284528,2.746683382049236e-56,date_config0,RNN
26,XLP,IQR,1026.316892298697,1047.192513368984,0.0022507888091852,0.2881064117676301,15.566679674107766,1.2260871301467436e-54,date_config0,RNN
27,XLP,SD_Returns,1021.4541206501458,1047.192513368984,0.0022343862235556,0.1730194306911497,15.779999226933418,4.271932927171848e-56,date_config0,RNN
28,XLV,ATR,919.5917810042636,951.7808219178082,0.0020780377375707,0.0940349744326512,,,date_config0,RNN
29,XLV,MAD_Returns,982.8760128004358,951.7808219178082,0.0021046048661744,0.2850614598019329,14.26859682936268,3.434190469090479e-46,date_config0,RNN
30,XLV,IQR,1000.0,951.7808219178082,0.0024123280638314,0.3362684268132092,14.206328048463302,8.370068968985428e-46,date_config0,RNN
31,XLV,SD_Returns,982.0286632064726,951.7808219178082,0.0019804454785614,0.2713013517991349,14.262365739000275,3.755056507028424e-46,date_config0,RNN
32,XLY,ATR,1149.18348015888,1228.810793167229,0.0024741183879984,0.1373026623315758,,,date_config0,RNN
33,XLY,MAD_Returns,1203.0833065377735,1228.810793167229,0.0027029703465537,0.2183580042519672,13.500690687472902,1.549169496302075e-41,date_config0,RNN
34,XLY,IQR,1174.6377711175903,1228.810793167229,0.0033792666293365,0.3289506889713989,13.447883693426364,3.168101938675808e-41,date_config0,RNN
35,XLY,SD_Returns,1195.6117194113594,1228.810793167229,0.0019917735772316,0.2276049955025855,13.4910343243049,1.7660541853105167e-41,date_config0,RNN
36,XLU,ATR,1016.2857394365892,1236.842105263158,0.0020759590288024,0.0903546337166532,,,date_config0,RNN
37,XLU,MAD_Returns,1133.5600207556472,1236.842105263158,0.0022436011788599,0.1941420043084031,18.8217031507218,5.014644118193357e-79,date_config0,RNN
38,XLU,IQR,1056.1038117175792,1236.842105263158,0.0024819920836761,0.2976447077376566,18.594555983177543,3.5564550371664924e-77,date_config0,RNN
39,XLU,SD_Returns,1129.555683127924,1236.842105263158,0.001901653849643,0.1996079047137865,18.726475665983347,3.0120791455384773e-78,date_config0,RNN
