ETF,Date,Metric,Final_Value
SPY,date_config0,ATR,105.4354348168192
SPY,date_config0,IQR,107.91498694237595
SPY,date_config0,SD_Prices,106.95214715652043
SPY,date_config0,SD_Returns,108.58045127335026
SPY,date_config1,ATR,102.4551955823477
SPY,date_config1,IQR,107.67151830483037
SPY,date_config1,SD_Prices,105.12828785551598
SPY,date_config1,SD_Returns,107.9500352742654
SPY,date_config2,ATR,101.30787405888037
SPY,date_config2,IQR,106.76062765149761
SPY,date_config2,SD_Prices,102.50285006008984
SPY,date_config2,SD_Returns,107.83819866800832
SPY,date_config3,ATR,107.22695954381224
SPY,date_config3,IQR,106.45026931680553
SPY,date_config3,SD_Prices,102.89256444163993
SPY,date_config3,SD_Returns,103.51599445034758
SPY,date_config4,ATR,107.31776510234558
SPY,date_config4,IQR,109.66516493899606
SPY,date_config4,SD_Prices,103.99782635617262
SPY,date_config4,SD_Returns,100.2725948669501
XLB,date_config0,ATR,99.89690721649484
XLB,date_config0,IQR,99.48393765608898
XLB,date_config0,SD_Prices,102.15050174871823
XLB,date_config0,SD_Returns,98.92962970316762
XLB,date_config1,ATR,101.87326738453079
XLB,date_config1,IQR,100.0
XLB,date_config1,SD_Prices,99.43479685452162
XLB,date_config1,SD_Returns,98.99556369422658
XLB,date_config2,ATR,103.20447583030878
XLB,date_config2,IQR,102.26818723988126
XLB,date_config2,SD_Prices,98.86959370904324
XLB,date_config2,SD_Returns,100.61940176998304
XLB,date_config3,ATR,102.00894070384415
XLB,date_config3,IQR,98.36593515559885
XLB,date_config3,SD_Prices,99.43479685452162
XLB,date_config3,SD_Returns,99.3048371408471
XLB,date_config4,ATR,103.31432987519575
XLB,date_config4,IQR,98.01778920269274
XLB,date_config4,SD_Prices,99.43479685452162
XLB,date_config4,SD_Returns,100.30238508879259
XLE,date_config0,ATR,104.19340650662468
XLE,date_config0,IQR,100.74182682235141
XLE,date_config0,SD_Prices,100.9824326300206
XLE,date_config0,SD_Returns,100.98153995529285
XLE,date_config1,ATR,100.22267480577935
XLE,date_config1,IQR,100.04200056690537
XLE,date_config1,SD_Prices,102.76742710590959
XLE,date_config1,SD_Returns,99.11299729630207
XLE,date_config2,ATR,102.17971493952848
XLE,date_config2,IQR,101.16564808835884
XLE,date_config2,SD_Prices,102.36215042130843
XLE,date_config2,SD_Returns,100.24503265069589
XLE,date_config3,ATR,103.29592734567764
XLE,date_config3,IQR,100.0
XLE,date_config3,SD_Prices,106.53183714051318
XLE,date_config3,SD_Returns,103.02217016411754
XLE,date_config4,ATR,101.75948278791707
XLE,date_config4,IQR,100.67535147705638
XLE,date_config4,SD_Prices,103.29787505091744
XLE,date_config4,SD_Returns,101.60730721671526
XLF,date_config0,ATR,106.09737412296955
XLF,date_config0,IQR,113.6355370353202
XLF,date_config0,SD_Prices,113.51717813811445
XLF,date_config0,SD_Returns,115.78870504053245
XLF,date_config1,ATR,109.35880632741768
XLF,date_config1,IQR,108.4216827036986
XLF,date_config1,SD_Prices,114.99898133936875
XLF,date_config1,SD_Returns,111.18023144909051
XLF,date_config2,ATR,108.46430034362876
XLF,date_config2,IQR,108.7488667003665
XLF,date_config2,SD_Prices,114.63507298394613
XLF,date_config2,SD_Returns,110.80246070356989
XLF,date_config3,ATR,111.06485246371254
XLF,date_config3,IQR,108.04547435859743
XLF,date_config3,SD_Prices,112.62146556667881
XLF,date_config3,SD_Returns,115.16917702600709
XLF,date_config4,ATR,110.1987385419747
XLF,date_config4,IQR,107.28849178075231
XLF,date_config4,SD_Prices,112.09815028173077
XLF,date_config4,SD_Returns,114.26286969538356
XLI,date_config0,ATR,108.44416627884786
XLI,date_config0,IQR,108.23620438899192
XLI,date_config0,SD_Prices,107.53454590459953
XLI,date_config0,SD_Returns,112.98388865972498
XLI,date_config1,ATR,102.81891812742231
XLI,date_config1,IQR,113.80597226655493
XLI,date_config1,SD_Prices,103.17138366288611
XLI,date_config1,SD_Returns,113.60827828762451
XLI,date_config2,ATR,103.02501884400593
XLI,date_config2,IQR,107.95713615170814
XLI,date_config2,SD_Prices,103.51696129220917
XLI,date_config2,SD_Returns,113.75681062959336
XLI,date_config3,ATR,105.79517620335808
XLI,date_config3,IQR,106.87312163757156
XLI,date_config3,SD_Prices,103.28021445859956
XLI,date_config3,SD_Returns,112.93372763693883
XLI,date_config4,ATR,107.60233560849846
XLI,date_config4,IQR,112.83613182920357
XLI,date_config4,SD_Prices,105.32503205514189
XLI,date_config4,SD_Returns,110.88021194655835
XLK,date_config0,ATR,106.809738780516
XLK,date_config0,IQR,106.33114045492508
XLK,date_config0,SD_Prices,104.26398042984619
XLK,date_config0,SD_Returns,100.73924483413052
XLK,date_config1,ATR,110.39051750490522
XLK,date_config1,IQR,105.32267526401829
XLK,date_config1,SD_Prices,105.61459131008993
XLK,date_config1,SD_Returns,107.79268129838754
XLK,date_config2,ATR,116.80378100805501
XLK,date_config2,IQR,105.0713324343213
XLK,date_config2,SD_Prices,102.98812039205005
XLK,date_config2,SD_Returns,101.93356542085263
XLK,date_config3,ATR,112.34880359638066
XLK,date_config3,IQR,105.76063193564774
XLK,date_config3,SD_Prices,105.84640173405666
XLK,date_config3,SD_Returns,104.4254800494236
XLK,date_config4,ATR,110.18311110541765
XLK,date_config4,IQR,107.33725502645436
XLK,date_config4,SD_Prices,107.17515810253843
XLK,date_config4,SD_Returns,103.35097962013616
XLP,date_config0,ATR,100.98339133829037
XLP,date_config0,IQR,100.53448051101552
XLP,date_config0,SD_Prices,100.88128677245929
XLP,date_config0,SD_Returns,102.74159200793764
XLP,date_config1,ATR,102.46055764649599
XLP,date_config1,IQR,102.8110593784249
XLP,date_config1,SD_Prices,102.42715317173801
XLP,date_config1,SD_Returns,100.37042044377554
XLP,date_config2,ATR,103.02481241623718
XLP,date_config2,IQR,100.87357899333263
XLP,date_config2,SD_Prices,100.03058339236532
XLP,date_config2,SD_Returns,100.96102026343536
XLP,date_config3,ATR,102.5114787571033
XLP,date_config3,IQR,102.49420641036279
XLP,date_config3,SD_Prices,100.74449032028082
XLP,date_config3,SD_Returns,100.2708205586751
XLP,date_config4,ATR,100.67191806819524
XLP,date_config4,IQR,101.21014957292309
XLP,date_config4,SD_Prices,100.7346923314112
XLP,date_config4,SD_Returns,102.38864304595883
XLU,date_config0,ATR,100.97027883274806
XLU,date_config0,IQR,109.75631811128454
XLU,date_config0,SD_Prices,102.22083171891566
XLU,date_config0,SD_Returns,113.2251108900919
XLU,date_config1,ATR,106.86178771919194
XLU,date_config1,IQR,109.63297071787376
XLU,date_config1,SD_Prices,103.23517643601184
XLU,date_config1,SD_Returns,112.82745727688021
XLU,date_config2,ATR,107.81583763827047
XLU,date_config2,IQR,111.37465252007388
XLU,date_config2,SD_Prices,103.63986715502958
XLU,date_config2,SD_Returns,113.14919640038582
XLU,date_config3,ATR,106.63638647941082
XLU,date_config3,IQR,111.17070105123193
XLU,date_config3,SD_Prices,105.70078429024625
XLU,date_config3,SD_Returns,113.44998349518542
XLU,date_config4,ATR,103.79202639337373
XLU,date_config4,IQR,113.02648479100253
XLU,date_config4,SD_Prices,102.10226527741534
XLU,date_config4,SD_Returns,113.70056250375491
XLV,date_config0,ATR,98.58034380398487
XLV,date_config0,IQR,101.91294506341202
XLV,date_config0,SD_Prices,100.21322990651015
XLV,date_config0,SD_Returns,96.44312075930397
XLV,date_config1,ATR,99.21496685744835
XLV,date_config1,IQR,100.0
XLV,date_config1,SD_Prices,100.0
XLV,date_config1,SD_Returns,98.54350120603769
XLV,date_config2,ATR,98.92299862387782
XLV,date_config2,IQR,99.22834336654364
XLV,date_config2,SD_Prices,101.51415013081292
XLV,date_config2,SD_Returns,98.9217734796523
XLV,date_config3,ATR,99.30459928394382
XLV,date_config3,IQR,100.23015926349035
XLV,date_config3,SD_Prices,100.09021096364373
XLV,date_config3,SD_Returns,99.22567400646717
XLV,date_config4,ATR,99.20258080429494
XLV,date_config4,IQR,99.66736106444459
XLV,date_config4,SD_Prices,100.44202252324033
XLV,date_config4,SD_Returns,99.28848069405007
XLY,date_config0,ATR,115.969092932857
XLY,date_config0,IQR,115.93696205752923
XLY,date_config0,SD_Prices,114.10797660747045
XLY,date_config0,SD_Returns,115.83472480161257
XLY,date_config1,ATR,112.28110779532521
XLY,date_config1,IQR,114.27396557934804
XLY,date_config1,SD_Prices,116.631283282303
XLY,date_config1,SD_Returns,115.0045720995526
XLY,date_config2,ATR,110.12261571453024
XLY,date_config2,IQR,111.75085586207086
XLY,date_config2,SD_Prices,114.34487053702034
XLY,date_config2,SD_Returns,113.73669384361042
XLY,date_config3,ATR,117.48238584847108
XLY,date_config3,IQR,113.06892835532676
XLY,date_config3,SD_Prices,117.59605930356723
XLY,date_config3,SD_Returns,113.92230687295117
XLY,date_config4,ATR,118.24369373961224
XLY,date_config4,IQR,115.82336600430804
XLY,date_config4,SD_Prices,118.02494578276648
XLY,date_config4,SD_Returns,115.82317978852018
